类型1,类型2,学历
运营类,其它,硕士
运营类,网站运营,本科
运营类,物流运营,本科
技术类,测试开发类,本科
技术类,开发类,本科
运营类,其它,本科
产品类,无线PD,本科
技术类,其它,本科
技术类,其它,本科
技术类,其它,本科
技术类,其它,本科
产品类,网站运营PD,本科
技术类,开发类,本科
运营类,其它,本科
运营类,其它,本科
运营类,网站运营,本科
数据类,数据开发,本科
金融类,风控类,本科
技术类,架构类,本科
客服类,服务支持,本科
技术类,开发类,本科
数据类,数据分析,硕士
技术类,需求分析,本科
技术类,其它,本科
技术类,其它,本科
市场拓展,其它,本科
市场拓展,其它,本科
技术类,开发类,本科
技术类,开发类,本科
综合类,人力资源类,本科
客服类,其它,本科
客服类,其它,本科
客服类,其它,本科
设计类,视觉,本科
技术类,开发类,本科
技术类,搜索与算法,硕士
客服类,产品体验,本科
技术类,搜索与算法,本科
客服类,产品体验,本科
客服类,其它,本科
客服类,电话服务,本科
客服类,其它,大专
技术类,开发类,本科
设计类,交互,本科
技术类,开发类,本科
客服类,其它,本科
客服类,其它,本科
客服类,其它,本科
技术类,架构类,本科
客服类,其它,本科
客服类,其它,本科
客服类,其它,本科
数据类,数据分析,本科
客服类,其它,本科
运营类,运营支持,本科
客服类,商家服务,本科
客服类,其它,本科
客服类,其它,本科
综合类,人力资源类,本科
技术类,开发类,本科
产品类,网站运营PD,硕士
客服类,在线服务,本科
数据类,数据分析,本科
产品类,技术PD,本科
产品类,无线PD,本科
技术类,其它,本科
技术类,开发类,本科
运营类,商家运营,本科
数据类,数据分析,本科
技术类,架构类,本科
技术类,开发类,本科
市场拓展,营销类,本科
技术类,开发类,本科
技术类,架构类,本科
技术类,开发类,本科
设计类,交互,本科
设计类,视觉,本科
技术类,开发类,本科
产品类,网站运营PD,本科
金融类,风控类,本科
产品类,其余业务PD,本科
运营类,商家运营,本科
运营类,商家运营,本科
运营类,商家运营,本科
运营类,商家运营,本科
运营类,商家运营,本科
技术类,架构类,本科
产品类,技术PD,本科
技术类,前端开发类,本科
销售类,销售策划,本科
市场拓展,营销类,本科
市场拓展,营销类,本科
技术类,开发类,本科
技术类,技术管理,本科
技术类,架构类,本科
销售类,销售类,大专
运营类,网站运营,本科
综合类,内控类,本科
综合类,置业类,本科
技术类,开发类,本科
技术类,前端开发类,本科
技术类,测试开发类,本科
销售类,销售类,大专
技术类,前端开发类,本科
技术类,开发类,本科
技术类,前端开发类,本科
产品类,技术PD,本科
技术类,其它,本科
综合类,财务类,本科
技术类,搜索与算法,本科
设计类,视觉,本科
技术类,前端开发类,本科
技术类,前端开发类,本科
技术类,测试类,本科
技术类,前端开发类,本科
运营类,其它,本科
技术类,开发类,本科
运营类,其它,本科
产品类,其余业务PD,硕士
技术类,其它,本科
运营类,运营支持,大专
综合类,其它,本科
客服类,服务管理,本科
综合类,采购类,本科
运营类,网站运营,本科
运营类,网站运营,本科
技术类,前端开发类,本科
技术类,前端开发类,本科
技术类,技术支持,本科
技术类,开发类,本科
技术类,开发类,大专
技术类,前端开发类,大专
技术类,开发类,本科
技术类,开发类,本科
技术类,开发类,本科
技术类,开发类,本科
市场拓展,市场类,本科
运营类,其它,本科
技术类,开发类,本科
技术类,架构类,本科
市场拓展,拓展类,本科
运营类,其它,本科
产品类,网站运营PD,本科
产品类,技术PD,本科
数据类,数据分析,本科
技术类,其它,本科
产品类,其余业务PD,本科
技术类,开发类,本科
技术类,项目管理,本科
金融类,风控类,本科
运营类,商家运营,本科
市场拓展,营销类,本科
市场拓展,其它,本科
销售类,销售类,本科
设计类,交互,本科
产品类,技术PD,本科
技术类,开发类,本科
技术类,开发类,本科
产品类,金融PD,本科
运营类,网站运营,本科
技术类,开发类,本科
销售类,销售类,本科
技术类,开发类,本科
销售类,销售类,本科
技术类,架构类,本科
金融类,金融支持,本科
产品类,无线PD,本科
客服类,电话服务,本科
产品类,无线PD,本科
销售类,销售类,大专
运营类,商家运营,大专
综合类,人力资源类,本科
技术类,其它,本科
客服类,电话服务,本科
客服类,电话服务,本科
产品类,其余业务PD,本科
客服类,电话服务,本科
运营类,其它,本科
销售类,销售类,本科
销售类,销售类,本科
销售类,销售类,本科
销售类,销售类,本科
技术类,搜索与算法,本科
技术类,其它,本科
设计类,其它,本科
销售类,销售类,本科
技术类,开发类,本科
技术类,架构类,本科
技术类,开发类,本科
运营类,商家运营,本科
综合类,人力资源类,本科
技术类,测试开发类,本科
技术类,搜索与算法,硕士
技术类,开发类,本科
技术类,前端开发类,其它
技术类,其它,硕士
技术类,搜索与算法,本科
技术类,搜索与算法,硕士
技术类,搜索与算法,本科
技术类,开发类,本科
技术类,开发类,本科
综合类,财务类,本科
技术类,开发类,本科
综合类,人力资源类,本科
技术类,开发类,本科
技术类,需求分析,本科
综合类,其它,本科
技术类,开发类,本科
客服类,产品体验,本科
技术类,开发类,本科
产品类,无线PD,本科
技术类,开发类,本科
金融类,风控类,本科
运营类,商家运营,本科
运营类,商家运营,本科
销售类,销售类,本科
技术类,开发类,本科
技术类,搜索与算法,本科
技术类,开发类,本科
技术类,开发类,本科
技术类,技术支持,本科
产品类,技术PD,硕士
运营类,商家运营,本科
技术类,开发类,本科
数据类,数据分析,本科
技术类,其它,本科
数据类,数据开发,本科
技术类,其它,本科
技术类,前端开发类,硕士
技术类,前端开发类,硕士
技术类,开发类,本科
技术类,开发类,本科
技术类,开发类,本科
技术类,测试类,本科
技术类,开发类,本科
技术类,前端开发类,本科
技术类,架构类,本科
运营类,网站运营,本科
技术类,测试类,本科
技术类,开发类,本科
数据类,数据分析,本科
技术类,开发类,本科
运营类,物流运营,本科
技术类,开发类,本科
运营类,其它,本科
技术类,前端开发类,本科
运营类,其它,本科
技术类,开发类,本科
技术类,其它,本科
设计类,交互,本科
技术类,其它,大专
技术类,其它,本科
运营类,其它,本科
技术类,其它,本科
数据类,其它,博士
产品类,技术PD,本科
客服类,商家服务,本科
技术类,架构类,本科
技术类,其它,本科
技术类,开发类,本科
技术类,搜索与算法,本科
技术类,搜索与算法,本科
技术类,其它,本科
技术类,其它,本科
技术类,其它,本科
技术类,测试开发类,本科
技术类,测试类,本科
技术类,架构类,本科
技术类,其它,本科
产品类,无线PD,本科
技术类,开发类,本科
综合类,置业类,本科
综合类,采购类,本科
技术类,开发类,大专
技术类,开发类,本科
销售类,其它,大专
技术类,其它,本科
技术类,开发类,本科
技术类,开发类,本科
技术类,其它,本科
客服类,商家服务,本科
技术类,测试开发类,本科
设计类,视觉,本科
设计类,其它,本科
技术类,测试开发类,本科
运营类,其它,本科
运营类,其它,本科
运营类,网站运营,本科
技术类,前端开发类,本科
运营类,商家运营,本科
技术类,开发类,本科
技术类,开发类,本科
销售类,其它,本科
销售类,其它,本科
销售类,其它,本科
销售类,其它,本科
技术类,前端开发类,本科
销售类,销售类,大专
销售类,其它,本科
销售类,其它,本科
技术类,其它,博士
运营类,其它,本科
运营类,商家运营,本科
运营类,商家运营,本科
数据类,数据分析,本科
运营类,管理与规则,本科
技术类,开发类,本科
综合类,置业类,本科
技术类,测试开发类,本科
技术类,测试开发类,本科
技术类,开发类,本科
销售类,其它,本科
运营类,商家运营,本科
技术类,开发类,本科
运营类,商家运营,本科
综合类,人力资源类,本科
运营类,运营支持,本科
运营类,运营支持,大专
运营类,会员运营,本科
运营类,管理与规则,本科
运营类,无线运营,本科
技术类,开发类,本科
综合类,财务类,本科
运营类,商家运营,本科
运营类,商家运营,本科
运营类,其它,本科
客服类,其它,本科
产品类,技术PD,本科
运营类,网站运营,本科
市场拓展,市场类,本科
市场拓展,其它,本科
技术类,前端开发类,本科
技术类,搜索与算法,本科
综合类,人力资源类,本科
运营类,无线运营,本科
技术类,其它,本科
运营类,无线运营,本科
技术类,开发类,本科
技术类,开发类,本科
技术类,开发类,本科
运营类,其它,本科
运营类,网站运营,本科
运营类,其它,本科
数据类,数据分析,本科
技术类,开发类,本科
综合类,内控类,本科
技术类,前端开发类,本科
技术类,前端开发类,本科
技术类,前端开发类,本科
技术类,前端开发类,本科
技术类,前端开发类,本科
综合类,人力资源类,本科
综合类,内控类,本科
客服类,电话服务,本科
运营类,运营支持,本科
技术类,开发类,本科
技术类,开发类,本科
技术类,其它,本科
运营类,商家运营,大专
市场拓展,市场类,本科
技术类,架构类,本科
技术类,架构类,本科
设计类,交互,本科
技术类,开发类,本科
综合类,公关类,本科
客服类,在线服务,本科
技术类,技术支持,本科
技术类,开发类,本科
销售类,销售支持,本科
运营类,网站运营,本科
运营类,网站运营,本科
销售类,销售支持,本科
技术类,其它,本科
销售类,销售策划,本科
市场拓展,市场类,本科
设计类,其它,本科
运营类,网站运营,本科
技术类,开发类,本科
技术类,开发类,本科
技术类,开发类,本科
运营类,其它,本科
运营类,其它,本科
设计类,视觉,本科
运营类,管理与规则,本科
技术类,技术管理,本科
运营类,其它,本科
技术类,测试开发类,本科
综合类,其它,本科
技术类,其它,本科
综合类,行政类,本科
产品类,无线PD,本科
产品类,无线PD,本科
技术类,开发类,本科
运营类,商家运营,本科
技术类,测试开发类,本科
综合类,内控类,本科
技术类,测试开发类,本科
技术类,开发类,本科
运营类,其它,本科
运营类,其它,本科
市场拓展,营销类,本科
综合类,其它,本科
综合类,其它,本科
运营类,物流运营,本科
设计类,视觉,本科
数据类,数据分析,本科
技术类,开发类,本科
运营类,其它,本科
运营类,其它,本科
运营类,运营支持,本科
技术类,其它,本科
综合类,人力资源类,本科
产品类,无线PD,本科
运营类,无线运营,本科
技术类,开发类,本科
运营类,其它,本科
综合类,内控类,本科
运营类,管理与规则,本科
综合类,综合管理,本科
销售类,销售类,本科
运营类,网站运营,硕士
运营类,商家运营,本科
技术类,架构类,硕士
运营类,商家运营,本科
运营类,网站运营,本科
技术类,开发类,本科
产品类,其余业务PD,本科
产品类,其余业务PD,本科
产品类,无线PD,本科
技术类,其它,本科
技术类,开发类,硕士
技术类,前端开发类,本科
综合类,投资类,本科
运营类,其它,本科
技术类,其它,本科
技术类,其它,本科
技术类,其它,本科
技术类,其它,本科
技术类,其它,本科
市场拓展,拓展类,本科
产品类,无线PD,本科
客服类,服务管理,本科
产品类,其余业务PD,本科
运营类,商家运营,本科
运营类,商家运营,本科
运营类,商家运营,本科
综合类,内控类,本科
运营类,其它,本科
运营类,其它,本科
运营类,其它,本科
综合类,其它,本科
技术类,开发类,本科
综合类,内控类,本科
技术类,开发类,本科
综合类,人力资源类,本科
运营类,会员运营,本科
运营类,会员运营,本科
综合类,内控类,本科
数据类,数据分析,本科
综合类,行政类,本科
产品类,其余业务PD,本科
产品类,无线PD,本科
客服类,其它,大专
运营类,其它,本科
运营类,物流运营,本科
技术类,前端开发类,本科
技术类,前端开发类,本科
技术类,开发类,本科
综合类,其它,博士
运营类,网站运营,本科
技术类,开发类,本科
综合类,其它,本科
技术类,开发类,本科
技术类,技术支持,本科
技术类,开发类,本科
产品类,技术PD,本科
客服类,服务管理,本科
技术类,开发类,本科
技术类,开发类,本科
技术类,开发类,本科
技术类,开发类,本科
技术类,开发类,本科
技术类,开发类,本科
技术类,架构类,本科
技术类,开发类,本科
综合类,其它,本科
技术类,前端开发类,本科
运营类,网站运营,本科
综合类,人力资源类,本科
运营类,商家运营,本科
技术类,测试开发类,本科
客服类,其它,本科
技术类,其它,本科
产品类,其余业务PD,本科
运营类,其它,本科
技术类,架构类,本科
市场拓展,市场类,本科
技术类,运维类,本科
技术类,开发类,本科
运营类,商家运营,本科
产品类,技术PD,本科
运营类,无线运营,本科
产品类,其余业务PD,本科
设计类,文案,大专
技术类,架构类,本科
运营类,网站运营,本科
设计类,视觉,本科
运营类,其它,本科
技术类,开发类,本科
技术类,测试开发类,本科
产品类,其余业务PD,本科
技术类,项目管理,本科
综合类,行政类,本科
技术类,开发类,本科
技术类,开发类,本科
技术类,开发类,本科
技术类,前端开发类,本科
设计类,视觉,本科
设计类,交互,本科
产品类,其余业务PD,本科
产品类,无线PD,本科
技术类,运维类,本科
运营类,商家运营,本科
技术类,其它,本科
技术类,技术管理,本科
产品类,其余业务PD,本科
客服类,产品体验,本科
运营类,管理与规则,本科
技术类,开发类,本科
产品类,技术PD,本科
产品类,技术PD,本科
综合类,人力资源类,本科
数据类,数据开发,本科
技术类,搜索与算法,本科
技术类,搜索与算法,本科
技术类,开发类,本科
技术类,开发类,本科
技术类,搜索与算法,本科
技术类,搜索与算法,本科
技术类,其它,本科
技术类,技术支持,本科
设计类,视觉,本科
数据类,数据开发,本科
技术类,搜索与算法,本科
产品类,其余业务PD,本科
运营类,其它,本科
技术类,开发类,本科
技术类,开发类,本科
技术类,开发类,本科
产品类,技术PD,本科
产品类,网站运营PD,本科
运营类,商家运营,本科
技术类,开发类,本科
技术类,开发类,本科
技术类,开发类,本科
技术类,架构类,本科
产品类,其余业务PD,本科
产品类,其余业务PD,本科
产品类,其余业务PD,本科
综合类,人力资源类,本科
客服类,其它,本科
客服类,服务管理,本科
市场拓展,拓展类,本科
综合类,人力资源类,本科
运营类,商家运营,大专
运营类,会员运营,本科
产品类,无线PD,本科
技术类,开发类,本科
产品类,其余业务PD,本科
综合类,投资类,本科
运营类,商家运营,本科
设计类,其它,本科
综合类,其它,本科
综合类,财务类,本科
产品类,其余业务PD,本科
技术类,开发类,本科
技术类,开发类,本科
数据类,数据分析,本科
运营类,其它,本科
运营类,商家运营,本科
综合类,财务类,本科
技术类,测试开发类,本科
技术类,测试开发类,本科
技术类,其它,本科
设计类,视觉,本科
技术类,测试开发类,本科
技术类,搜索与算法,本科
运营类,其它,本科
技术类,开发类,本科
金融类,金融管理,本科
技术类,开发类,本科
产品类,技术PD,本科
产品类,技术PD,本科
技术类,开发类,本科
产品类,其余业务PD,本科
技术类,前端开发类,大专
运营类,网站运营,本科
运营类,其它,本科
客服类,服务管理,本科
综合类,公关类,本科
综合类,公关类,本科
技术类,其它,本科
市场拓展,营销类,本科
市场拓展,营销类,本科
运营类,商家运营,本科
产品类,技术PD,本科
技术类,其它,本科
技术类,前端开发类,本科
技术类,开发类,本科
技术类,前端开发类,本科
市场拓展,营销类,本科
综合类,内控类,本科
技术类,开发类,大专
技术类,开发类,本科
技术类,开发类,本科
产品类,技术PD,本科
数据类,数据分析,本科
技术类,其它,本科
技术类,项目管理,本科
设计类,用户体验与研究,本科
技术类,前端开发类,本科
市场拓展,拓展类,本科
技术类,项目管理,本科
技术类,架构类,本科
市场拓展,拓展类,本科
销售类,销售类,大专
市场拓展,营销类,本科
运营类,其它,本科
技术类,技术管理,本科
技术类,其它,硕士
技术类,其它,硕士
运营类,管理与规则,本科
技术类,架构类,本科
技术类,开发类,本科
数据类,数据开发,本科
运营类,物流运营,本科
运营类,物流运营,本科
运营类,物流运营,本科
运营类,物流运营,本科
运营类,物流运营,本科
运营类,物流运营,本科
运营类,物流运营,本科
运营类,商家运营,本科
运营类,物流运营,本科
运营类,物流运营,本科
综合类,人力资源类,本科
金融类,其它,博士
产品类,技术PD,本科
设计类,交互,本科
数据类,数据分析,本科
综合类,综合管理,大专
数据类,数据分析,本科
数据类,数据分析,博士
技术类,开发类,本科
技术类,开发类,本科
技术类,开发类,本科
技术类,开发类,本科
运营类,其它,本科
运营类,商家运营,本科
技术类,测试类,本科
设计类,其它,本科
产品类,无线PD,本科
运营类,无线运营,本科
产品类,技术PD,本科
设计类,其它,本科
市场拓展,营销类,本科
技术类,项目管理,本科
技术类,项目管理,本科
技术类,测试开发类,本科
技术类,开发类,本科
技术类,测试开发类,本科
运营类,商家运营,本科
运营类,网站运营,本科
综合类,其它,博士
产品类,网站运营PD,本科
运营类,其它,大专
技术类,架构类,本科
数据类,数据分析,博士
数据类,数据分析,博士
综合类,其它,博士
数据类,数据分析,博士
运营类,运营支持,本科
技术类,其它,硕士
技术类,其它,本科
综合类,采购类,本科
运营类,其它,本科
数据类,数据分析,博士
综合类,工程类,本科
综合类,人力资源类,本科
综合类,其它,本科
客服类,产品体验,本科
客服类,商家服务,大专
技术类,其它,本科
市场拓展,拓展类,本科
产品类,无线PD,本科
产品类,无线PD,本科
运营类,其它,本科
综合类,行政类,本科
综合类,行政类,本科
技术类,项目管理,本科
技术类,开发类,本科
运营类,商家运营,本科
运营类,商家运营,本科
技术类,测试类,本科
技术类,测试开发类,本科
技术类,项目管理,本科
技术类,测试开发类,本科
市场拓展,媒介类,本科
市场拓展,媒介类,本科
技术类,技术支持,本科
技术类,测试类,本科
技术类,测试开发类,本科
客服类,电话服务,本科
产品类,金融PD,本科
产品类,金融PD,本科
运营类,商家运营,本科
运营类,商家运营,大专
销售类,销售策划,本科
综合类,财务类,本科
技术类,开发类,本科
技术类,测试类,本科
设计类,交互,本科
设计类,用户体验与研究,本科
技术类,项目管理,本科
技术类,其它,本科
技术类,其它,本科
客服类,其它,本科
客服类,其它,本科
技术类,其它,本科
技术类,其它,本科
运营类,商家运营,本科
产品类,无线PD,本科
产品类,无线PD,本科
技术类,开发类,本科
技术类,开发类,本科
产品类,技术PD,本科
客服类,服务支持,本科
技术类,开发类,本科
市场拓展,拓展类,本科
运营类,无线运营,本科
运营类,其它,本科
市场拓展,营销类,本科
市场拓展,市场类,本科
市场拓展,营销类,本科
市场拓展,拓展类,本科
技术类,项目管理,本科
综合类,采购类,本科
运营类,无线运营,本科
市场拓展,市场类,本科
市场拓展,市场类,本科
技术类,开发类,本科
技术类,搜索与算法,本科
技术类,架构类,本科
产品类,金融PD,本科
产品类,网站运营PD,本科
数据类,数据开发,硕士
市场拓展,拓展类,本科
产品类,技术PD,本科
运营类,商家运营,本科
运营类,商家运营,本科
运营类,商家运营,本科
综合类,采购类,本科
技术类,开发类,本科
运营类,网站运营,本科
技术类,开发类,本科
市场拓展,营销类,本科
技术类,搜索与算法,硕士
技术类,开发类,本科
市场拓展,市场类,本科
市场拓展,营销类,本科
技术类,开发类,本科
技术类,开发类,本科
技术类,架构类,本科
客服类,其它,本科
综合类,人力资源类,本科
设计类,视觉,大专
技术类,开发类,本科
综合类,财务类,本科
技术类,运维类,本科
技术类,运维类,本科
综合类,财务类,本科
运营类,其它,大专
运营类,其它,本科
运营类,其它,本科
运营类,无线运营,本科
技术类,其它,本科
技术类,其它,本科
设计类,其它,本科
运营类,网站运营,本科
综合类,财务类,本科
客服类,其它,本科
技术类,其它,本科
技术类,开发类,本科
技术类,搜索与算法,本科
销售类,销售策划,本科
技术类,开发类,本科
技术类,开发类,本科
设计类,交互,本科
综合类,行政类,本科
综合类,行政类,本科
综合类,行政类,本科
运营类,商家运营,本科
运营类,会员运营,本科
技术类,开发类,硕士
市场拓展,营销类,本科
市场拓展,营销类,本科
技术类,其它,本科
技术类,其它,本科
综合类,行政类,本科
运营类,其它,本科
技术类,其它,本科
市场拓展,市场类,本科
综合类,行政类,本科
产品类,技术PD,本科
技术类,开发类,本科
技术类,前端开发类,本科
市场拓展,拓展类,本科
客服类,其它,本科
设计类,其它,本科
技术类,其它,本科
技术类,其它,本科
技术类,开发类,本科
技术类,架构类,本科
金融类,风控类,本科
市场拓展,拓展类,本科
技术类,项目管理,本科
技术类,架构类,本科
市场拓展,拓展类,本科
产品类,无线PD,本科
综合类,综合管理,本科
技术类,搜索与算法,本科
技术类,搜索与算法,本科
客服类,服务支持,本科
客服类,产品体验,本科
客服类,产品体验,本科
技术类,架构类,本科
产品类,其余业务PD,本科
产品类,其余业务PD,本科
综合类,其它,本科
技术类,架构类,本科
技术类,架构类,本科
技术类,架构类,本科
技术类,开发类,本科
市场拓展,拓展类,本科
市场拓展,拓展类,本科
技术类,开发类,本科
技术类,开发类,本科
技术类,其它,本科
市场拓展,拓展类,本科
技术类,架构类,本科
金融类,风控类,本科
金融类,风控类,本科
综合类,行政类,本科
技术类,架构类,本科
技术类,开发类,本科
技术类,架构类,本科
技术类,开发类,本科
产品类,其余业务PD,本科
技术类,架构类,本科
技术类,测试开发类,大专
技术类,其它,本科
技术类,其它,本科
技术类,架构类,本科
综合类,置业类,本科
综合类,财务类,本科
数据类,其它,本科
数据类,数据分析,硕士
运营类,商家运营,本科
市场拓展,拓展类,本科
市场拓展,拓展类,本科
运营类,其它,本科
运营类,商家运营,本科
产品类,技术PD,本科
综合类,行政类,本科
客服类,服务管理,大专
金融类,风控类,本科
综合类,法务类,本科
综合类,财务类,本科
运营类,其它,本科
技术类,其它,本科
市场拓展,拓展类,本科
综合类,财务类,本科
综合类,财务类,本科
综合类,其它,本科
运营类,商家运营,本科
运营类,其它,本科
运营类,其它,本科
综合类,行政类,本科
技术类,项目管理,本科
运营类,其它,本科
销售类,销售类,本科
运营类,商家运营,本科
金融类,金融支持,本科
产品类,金融PD,本科
技术类,开发类,本科
技术类,其它,本科
综合类,其它,本科
技术类,搜索与算法,本科
技术类,架构类,本科
技术类,开发类,本科
技术类,架构类,本科
运营类,商家运营,本科
数据类,数据开发,本科
运营类,网站运营,本科
市场拓展,营销类,本科
产品类,技术PD,本科
数据类,数据开发,本科
技术类,架构类,本科
市场拓展,拓展类,本科
综合类,人力资源类,本科
运营类,其它,本科
技术类,架构类,本科
市场拓展,拓展类,本科
技术类,架构类,本科
市场拓展,拓展类,本科
市场拓展,拓展类,本科
运营类,其它,本科
综合类,财务类,本科
运营类,网站运营,本科
运营类,网站运营,本科
运营类,网站运营,本科
运营类,无线运营,本科
技术类,架构类,本科
技术类,测试开发类,本科
技术类,运维类,本科
技术类,技术支持,本科
客服类,产品体验,大专
技术类,项目管理,本科
综合类,其它,大专
技术类,项目管理,本科
市场拓展,市场类,本科
运营类,其它,本科
运营类,其它,本科
运营类,其它,本科
运营类,其它,本科
综合类,行政类,本科
综合类,法务类,本科
产品类,其余业务PD,本科
综合类,投资类,本科
综合类,其它,本科
综合类,其它,本科
技术类,运维类,本科
技术类,其它,本科
技术类,运维类,本科
技术类,其它,本科
技术类,其它,本科
技术类,其它,本科
技术类,其它,本科
运营类,其它,本科
运营类,网站运营,大专
产品类,其余业务PD,本科
客服类,服务支持,本科
金融类,风控类,本科
金融类,风控类,本科
技术类,运维类,本科
技术类,运维类,本科
金融类,金融支持,本科
市场拓展,拓展类,本科
综合类,法务类,本科
综合类,法务类,本科
综合类,法务类,本科
综合类,法务类,本科
综合类,内控类,本科
技术类,开发类,本科
产品类,其余业务PD,本科
运营类,运营支持,本科
综合类,内控类,本科
市场拓展,拓展类,本科
市场拓展,拓展类,本科
市场拓展,拓展类,本科
市场拓展,拓展类,本科
综合类,法务类,本科
运营类,运营支持,本科
技术类,运维类,本科
综合类,财务类,本科
市场拓展,拓展类,本科
运营类,商家运营,本科
市场拓展,其它,本科
市场拓展,市场类,本科
综合类,人力资源类,本科
运营类,运营支持,本科
技术类,开发类,本科
综合类,财务类,本科
市场拓展,拓展类,本科
综合类,行政类,本科
市场拓展,拓展类,本科
综合类,行政类,本科
市场拓展,拓展类,本科
市场拓展,拓展类,本科
市场拓展,拓展类,本科
技术类,运维类,本科
综合类,人力资源类,本科
综合类,人力资源类,本科
综合类,人力资源类,本科
技术类,开发类,本科
运营类,商家运营,本科
技术类,其它,本科
产品类,无线PD,本科
产品类,其余业务PD,本科
市场拓展,品牌类,本科
技术类,其它,本科
技术类,其它,本科
产品类,其余业务PD,本科
市场拓展,拓展类,本科
技术类,架构类,本科
市场拓展,拓展类,本科
技术类,架构类,本科
销售类,销售类,本科
销售类,销售类,本科
销售类,销售类,本科
销售类,销售类,本科
市场拓展,拓展类,本科
运营类,其它,本科
运营类,其它,本科
技术类,架构类,本科
销售类,销售类,本科
数据类,其它,本科
销售类,销售类,本科
销售类,销售类,本科
技术类,其它,本科
运营类,商家运营,本科
销售类,销售类,本科
销售类,销售类,本科
运营类,运营支持,本科
综合类,置业类,本科
运营类,商家运营,本科
技术类,其它,本科
市场拓展,拓展类,大专
技术类,其它,本科
产品类,无线PD,本科
产品类,无线PD,本科
技术类,其它,本科
产品类,无线PD,本科
产品类,无线PD,本科
产品类,无线PD,本科
运营类,其它,本科
产品类,其余业务PD,大专
市场拓展,拓展类,本科
运营类,管理与规则,本科
运营类,会员运营,本科
综合类,行政类,本科
综合类,行政类,本科
市场拓展,拓展类,本科
产品类,无线PD,本科
综合类,工程类,本科
综合类,行政类,本科
产品类,其余业务PD,本科
技术类,运维类,本科
运营类,其它,本科
综合类,人力资源类,本科
运营类,商家运营,大专
产品类,其余业务PD,本科
数据类,数据开发,本科
销售类,销售类,本科
销售类,销售类,本科
技术类,其它,本科
技术类,搜索与算法,本科
技术类,搜索与算法,硕士
运营类,网站运营,本科
市场拓展,拓展类,本科
市场拓展,拓展类,本科
运营类,网站运营,本科
运营类,其它,本科
综合类,财务类,本科
综合类,置业类,本科
产品类,其余业务PD,本科
综合类,置业类,本科
市场拓展,其它,本科
技术类,开发类,本科
运营类,无线运营,本科
技术类,开发类,本科
技术类,运维类,本科
技术类,开发类,本科
运营类,其它,本科
运营类,商家运营,本科
技术类,需求分析,本科
技术类,开发类,本科
市场拓展,拓展类,本科
技术类,开发类,本科
运营类,会员运营,本科
运营类,其它,本科
运营类,其它,本科
技术类,开发类,本科
技术类,开发类,本科
技术类,开发类,本科
技术类,开发类,本科
技术类,开发类,本科
产品类,无线PD,本科
综合类,法务类,本科
技术类,开发类,本科
技术类,开发类,本科
技术类,运维类,本科
技术类,架构类,本科
技术类,运维类,本科
产品类,技术PD,本科
数据类,数据开发,本科
综合类,人力资源类,本科
数据类,数据开发,本科
数据类,数据分析,本科
技术类,其它,本科
运营类,网站运营,本科
运营类,网站运营,本科
技术类,运维类,本科
数据类,其它,本科
综合类,其它,本科
技术类,其它,本科
技术类,开发类,本科
产品类,技术PD,本科
产品类,其余业务PD,本科
技术类,开发类,本科
运营类,其它,本科
运营类,商家运营,大专
数据类,数据分析,本科
数据类,数据分析,本科
数据类,数据分析,本科
数据类,数据分析,本科
技术类,前端开发类,本科
技术类,开发类,本科
技术类,开发类,本科
技术类,开发类,本科
技术类,开发类,本科
技术类,开发类,本科
技术类,开发类,本科
技术类,开发类,本科
技术类,开发类,本科
市场拓展,市场类,本科
市场拓展,市场类,本科
运营类,其它,本科
技术类,开发类,硕士
技术类,运维类,本科
技术类,搜索与算法,本科
综合类,行政类,本科
技术类,开发类,本科
产品类,其余业务PD,本科
运营类,其它,本科
运营类,网站运营,本科
运营类,其它,本科
客服类,其它,本科
产品类,网站运营PD,本科
技术类,其它,本科
技术类,其它,本科
综合类,人力资源类,本科
运营类,商家运营,本科
综合类,综合管理,本科
产品类,金融PD,本科
技术类,架构类,本科
技术类,开发类,本科
技术类,开发类,本科
技术类,前端开发类,本科
设计类,视觉,本科
技术类,其它,本科
技术类,其它,本科
综合类,人力资源类,本科
运营类,会员运营,本科
运营类,无线运营,本科
运营类,网站运营,本科
销售类,销售类,本科
技术类,前端开发类,本科
市场拓展,营销类,本科
技术类,其它,本科
市场拓展,营销类,本科
技术类,其它,本科
市场拓展,营销类,本科
运营类,其它,本科
综合类,人力资源类,本科
综合类,人力资源类,本科
综合类,人力资源类,本科
综合类,人力资源类,本科
市场拓展,市场类,本科
数据类,数据分析,本科
运营类,其它,本科
技术类,开发类,本科
技术类,开发类,本科
综合类,财务类,本科
综合类,财务类,本科
市场拓展,市场类,本科
技术类,开发类,本科
运营类,其它,本科
销售类,销售策划,本科
金融类,风控类,本科
金融类,风控类,本科
金融类,风控类,本科
产品类,金融PD,本科
产品类,金融PD,本科
产品类,金融PD,本科
产品类,金融PD,本科
运营类,其它,本科
产品类,其余业务PD,本科
市场拓展,拓展类,本科
市场拓展,营销类,本科
技术类,其它,本科
技术类,开发类,本科
技术类,开发类,本科
运营类,其它,本科
市场拓展,拓展类,本科
技术类,开发类,本科
产品类,其余业务PD,本科
产品类,技术PD,本科
技术类,开发类,本科
运营类,商家运营,本科
综合类,法务类,本科
技术类,其它,本科
技术类,其它,本科
运营类,其它,本科
市场拓展,市场类,本科
市场拓展,拓展类,本科
技术类,架构类,本科
技术类,质量保证,本科
技术类,架构类,本科
技术类,开发类,本科
技术类,其它,本科
产品类,其余业务PD,本科
技术类,开发类,本科
运营类,网站运营,本科
市场拓展,市场类,本科
综合类,行政类,本科
综合类,人力资源类,本科
技术类,开发类,本科
设计类,视觉,本科
运营类,网站运营,本科
市场拓展,市场类,本科
市场拓展,营销类,本科
技术类,运维类,本科
技术类,项目管理,本科
市场拓展,其它,本科
设计类,其它,本科
综合类,人力资源类,本科
综合类,人力资源类,本科
产品类,其余业务PD,本科
产品类,金融PD,本科
技术类,其它,本科
产品类,其余业务PD,本科
技术类,测试开发类,本科
运营类,运营支持,本科
市场拓展,拓展类,本科
市场拓展,拓展类,本科
技术类,开发类,本科
技术类,开发类,本科
技术类,开发类,本科
技术类,开发类,本科
技术类,架构类,本科
产品类,网站运营PD,本科
综合类,税务类,本科
综合类,税务类,本科
综合类,税务类,本科
技术类,架构类,本科
运营类,其它,本科
运营类,商家运营,大专
技术类,开发类,本科
技术类,开发类,本科
技术类,开发类,本科
技术类,开发类,本科
市场拓展,拓展类,本科
市场拓展,拓展类,本科
综合类,行政类,本科
综合类,人力资源类,本科
设计类,视觉,本科
技术类,其它,本科
综合类,其它,本科
技术类,其它,本科
技术类,其它,本科
运营类,运营支持,本科
设计类,视觉,本科
综合类,税务类,本科
综合类,法务类,本科
综合类,综合管理,本科
技术类,其它,本科
技术类,其它,本科
技术类,其它,本科
技术类,其它,本科
技术类,其它,本科
技术类,其它,本科
技术类,其它,本科
技术类,其它,本科
技术类,其它,本科
技术类,其它,本科
技术类,其它,本科
技术类,其它,本科
技术类,其它,本科
技术类,开发类,本科
综合类,法务类,本科
技术类,开发类,本科
技术类,其它,本科
综合类,采购类,大专
技术类,其它,本科
技术类,其它,本科
运营类,物流运营,本科
运营类,其它,本科
运营类,其它,本科
运营类,其它,本科
运营类,其它,本科
运营类,其它,本科
综合类,其它,本科
综合类,其它,本科
数据类,其它,本科
产品类,网站运营PD,本科
市场拓展,营销类,本科
市场拓展,营销类,本科
运营类,其它,本科
产品类,网站运营PD,本科
产品类,网站运营PD,本科
运营类,物流运营,本科
技术类,开发类,本科
技术类,开发类,本科
技术类,测试开发类,本科
运营类,网站运营,本科
运营类,其它,本科
运营类,物流运营,大专
技术类,开发类,本科
技术类,架构类,本科
产品类,技术PD,本科
产品类,网站运营PD,本科
技术类,开发类,本科
设计类,交互,本科
设计类,视觉,本科
技术类,开发类,本科
运营类,无线运营,本科
设计类,视觉,本科
技术类,搜索与算法,本科
产品类,无线PD,本科
技术类,运维类,本科
综合类,采购类,本科
市场拓展,品牌类,本科
技术类,搜索与算法,本科
综合类,人力资源类,大专
技术类,开发类,本科
技术类,开发类,本科
技术类,架构类,本科
技术类,开发类,本科
综合类,人力资源类,本科
综合类,人力资源类,本科
市场拓展,市场类,本科
市场拓展,市场类,本科
技术类,开发类,本科
设计类,视觉,本科
运营类,运营支持,本科
销售类,销售管理,本科
销售类,销售管理,本科
综合类,人力资源类,本科
综合类,法务类,本科
销售类,销售管理,本科
销售类,销售策划,大专
产品类,其余业务PD,本科
市场拓展,拓展类,大专
销售类,销售管理,本科
运营类,运营支持,本科
运营类,运营支持,本科
综合类,人力资源类,本科
市场拓展,营销类,本科
产品类,其余业务PD,本科
市场拓展,拓展类,大专
市场拓展,营销类,本科
技术类,开发类,本科
销售类,销售类,大专
销售类,销售类,本科
产品类,其余业务PD,本科
市场拓展,拓展类,本科
市场拓展,拓展类,大专
技术类,架构类,本科
市场拓展,拓展类,大专
产品类,其余业务PD,本科
市场拓展,拓展类,大专
市场拓展,拓展类,大专
市场拓展,拓展类,大专
运营类,其它,本科
市场拓展,拓展类,本科
技术类,开发类,本科
运营类,其它,本科
技术类,开发类,本科
市场拓展,媒介类,本科
市场拓展,拓展类,大专
综合类,人力资源类,本科
销售类,其它,本科
技术类,搜索与算法,硕士
销售类,其它,本科
销售类,其它,本科
技术类,前端开发类,大专
客服类,其它,本科
技术类,架构类,本科
金融类,风控类,本科
金融类,风控类,本科
技术类,开发类,本科
产品类,其余业务PD,本科
技术类,前端开发类,大专
设计类,视觉,大专
技术类,测试开发类,本科
技术类,开发类,其它
技术类,开发类,本科
技术类,开发类,本科
技术类,前端开发类,其它
技术类,开发类,本科
技术类,其它,本科
技术类,搜索与算法,本科
技术类,其它,大专
技术类,开发类,其它
销售类,销售类,本科
技术类,开发类,本科
运营类,其它,大专
销售类,其它,本科
技术类,测试类,本科
运营类,其它,本科
产品类,其余业务PD,本科
技术类,测试开发类,本科
运营类,其它,本科
运营类,其它,本科
产品类,其余业务PD,本科
技术类,开发类,本科
产品类,其余业务PD,本科
数据类,数据分析,博士
技术类,开发类,大专
技术类,开发类,大专
技术类,其它,本科
销售类,其它,本科
技术类,开发类,本科
技术类,测试开发类,本科
技术类,测试开发类,其它
技术类,开发类,其它
综合类,人力资源类,本科
技术类,搜索与算法,本科
技术类,搜索与算法,本科
技术类,开发类,本科
设计类,交互,本科
技术类,前端开发类,本科
产品类,网站运营PD,本科
技术类,其它,本科
产品类,其余业务PD,本科
产品类,其余业务PD,本科
技术类,测试开发类,本科
技术类,其它,本科
技术类,开发类,本科
技术类,开发类,本科
技术类,开发类,本科
技术类,开发类,本科
技术类,开发类,本科
技术类,测试开发类,其它
技术类,前端开发类,本科
技术类,其它,本科
技术类,其它,本科
技术类,开发类,本科
技术类,开发类,本科
产品类,无线PD,本科
运营类,无线运营,其它
技术类,测试开发类,本科
技术类,测试开发类,本科
技术类,测试开发类,其它
技术类,搜索与算法,其它
技术类,搜索与算法,其它
运营类,无线运营,本科
运营类,无线运营,本科
技术类,开发类,本科
金融类,风控类,本科
产品类,无线PD,本科
技术类,测试开发类,本科
技术类,测试开发类,本科
设计类,交互,本科
技术类,开发类,本科
金融类,金融管理,本科
产品类,网站运营PD,本科
技术类,开发类,本科
运营类,其它,本科
技术类,开发类,本科
技术类,搜索与算法,本科
设计类,其它,本科
设计类,用户体验与研究,本科
设计类,其它,本科
技术类,运维类,本科
产品类,网站运营PD,本科
技术类,开发类,其它
产品类,网站运营PD,本科
综合类,法务类,本科
技术类,前端开发类,本科
金融类,风控类,本科
产品类,其余业务PD,本科
技术类,开发类,本科
技术类,开发类,本科
技术类,其它,硕士
技术类,前端开发类,本科
销售类,销售类,本科
综合类,其它,硕士
技术类,开发类,本科
市场拓展,营销类,本科
综合类,工程类,本科
金融类,风控类,本科
产品类,无线PD,本科
运营类,其它,本科
运营类,物流运营,本科
运营类,物流运营,本科
客服类,电话服务,本科
运营类,网站运营,本科
运营类,物流运营,本科
技术类,前端开发类,大专
产品类,网站运营PD,本科
运营类,管理与规则,本科
技术类,开发类,硕士
技术类,搜索与算法,硕士
市场拓展,营销类,本科
销售类,销售类,本科
运营类,其它,本科
技术类,搜索与算法,硕士
技术类,开发类,本科
销售类,销售类,本科
销售类,销售类,本科
销售类,销售类,本科
运营类,商家运营,本科
技术类,其它,本科
运营类,网站运营,本科
运营类,无线运营,本科
设计类,视觉,本科
技术类,搜索与算法,本科
产品类,其余业务PD,大专
设计类,视觉,本科
产品类,网站运营PD,本科
金融类,资金类,本科
技术类,开发类,本科
技术类,测试开发类,本科
技术类,其它,本科
技术类,开发类,本科
技术类,其它,本科
运营类,商家运营,本科
金融类,风控类,本科
运营类,商家运营,本科
运营类,商家运营,本科
运营类,管理与规则,本科
技术类,开发类,本科
技术类,开发类,本科
综合类,行政类,本科
技术类,其它,本科
技术类,其它,本科
数据类,数据分析,本科
技术类,搜索与算法,本科
技术类,其它,本科
技术类,其它,本科
技术类,其它,本科
技术类,其它,本科
技术类,其它,本科
技术类,开发类,本科
数据类,其它,本科
数据类,数据开发,本科
产品类,其余业务PD,本科
技术类,开发类,本科
产品类,其余业务PD,本科
技术类,其它,本科
产品类,其余业务PD,本科
产品类,其余业务PD,本科
产品类,其余业务PD,本科
产品类,其余业务PD,本科
产品类,其余业务PD,本科
运营类,其它,本科
技术类,其它,本科
设计类,视觉,本科
技术类,开发类,本科
综合类,采购类,本科
技术类,其它,本科
技术类,开发类,本科
数据类,数据开发,本科
产品类,其余业务PD,本科
技术类,开发类,本科
技术类,开发类,本科
数据类,其它,本科
综合类,其它,本科
设计类,交互,本科
运营类,商家运营,本科
销售类,销售策划,本科
技术类,开发类,本科
产品类,其余业务PD,本科
销售类,其它,本科
销售类,销售类,其它
技术类,开发类,本科
技术类,测试开发类,本科
技术类,开发类,其它
技术类,开发类,其它
技术类,开发类,其它
技术类,开发类,其它
技术类,开发类,其它
技术类,开发类,其它
客服类,服务支持,本科
技术类,搜索与算法,本科
运营类,其它,本科
市场拓展,市场类,本科
金融类,风控类,本科
运营类,网站运营,本科
技术类,开发类,本科
金融类,风控类,本科
运营类,商家运营,本科
技术类,运维类,本科
运营类,其它,本科
综合类,行政类,本科
技术类,开发类,本科
运营类,其它,本科
设计类,视觉,本科
运营类,商家运营,本科
运营类,商家运营,本科
运营类,其它,本科
金融类,风控类,本科
综合类,财务类,本科
技术类,开发类,本科
技术类,其它,本科
技术类,开发类,本科
综合类,人力资源类,本科
运营类,其它,大专
运营类,管理与规则,本科
综合类,综合管理,本科
技术类,前端开发类,本科
市场拓展,拓展类,本科
技术类,开发类,本科
运营类,商家运营,本科
技术类,开发类,本科
技术类,测试开发类,本科
产品类,其余业务PD,本科
产品类,其余业务PD,本科
产品类,其余业务PD,本科
设计类,交互,其它
运营类,管理与规则,本科
技术类,开发类,本科
金融类,金融支持,大专
技术类,测试开发类,本科
运营类,物流运营,本科
销售类,销售管理,硕士
市场拓展,拓展类,大专
市场拓展,媒介类,本科
运营类,网站运营,本科
运营类,网站运营,本科
设计类,交互,本科
综合类,人力资源类,本科
技术类,其它,本科
技术类,前端开发类,本科
技术类,架构类,本科
技术类,搜索与算法,本科
技术类,搜索与算法,本科
运营类,网站运营,本科
技术类,搜索与算法,本科
运营类,网站运营,本科
运营类,其它,本科
运营类,其它,本科
产品类,其余业务PD,本科
技术类,开发类,本科
技术类,前端开发类,本科
产品类,网站运营PD,本科
技术类,其它,本科
运营类,物流运营,本科
产品类,无线PD,本科
运营类,其它,本科
技术类,开发类,本科
技术类,测试开发类,本科
技术类,开发类,本科
技术类,搜索与算法,本科
技术类,开发类,本科
技术类,开发类,本科
综合类,其它,本科
技术类,测试开发类,本科
技术类,其它,本科
运营类,商家运营,本科
设计类,其它,本科
综合类,内控类,本科
技术类,其它,本科
技术类,开发类,本科
运营类,商家运营,本科
产品类,技术PD,本科
产品类,技术PD,本科
运营类,商家运营,本科
运营类,运营支持,大专
综合类,其它,本科
技术类,测试开发类,本科
技术类,开发类,本科
市场拓展,营销类,本科
设计类,视觉,其它
设计类,交互,本科
运营类,网站运营,本科
设计类,交互,本科
设计类,视觉,本科
技术类,开发类,本科
综合类,行政类,本科
技术类,开发类,本科
技术类,测试开发类,其它
综合类,其它,其它
运营类,运营支持,本科
运营类,运营支持,本科
运营类,网站运营,本科
综合类,综合管理,本科
运营类,运营支持,本科
运营类,其它,本科
技术类,开发类,本科
数据类,数据开发,本科
综合类,综合管理,本科
数据类,数据分析,本科
运营类,会员运营,本科
运营类,其它,本科
运营类,网站运营,本科
技术类,搜索与算法,硕士
技术类,前端开发类,本科
技术类,测试开发类,本科
市场拓展,拓展类,本科
技术类,测试开发类,本科
运营类,管理与规则,本科
运营类,其它,本科
产品类,网站运营PD,本科
客服类,服务管理,大专
技术类,测试开发类,本科
技术类,开发类,本科
市场拓展,市场类,本科
运营类,其它,本科
综合类,其它,本科
技术类,开发类,本科
综合类,置业类,本科
技术类,前端开发类,本科
技术类,开发类,本科
运营类,无线运营,本科
技术类,开发类,本科
综合类,其它,本科
市场拓展,营销类,本科
市场拓展,营销类,本科
运营类,管理与规则,本科
销售类,销售管理,本科
销售类,销售管理,本科
技术类,开发类,本科
产品类,其余业务PD,本科
销售类,销售类,本科
运营类,其它,本科
综合类,其它,本科
市场拓展,市场类,本科
技术类,开发类,本科
技术类,开发类,本科
技术类,搜索与算法,本科
产品类,其余业务PD,本科
技术类,开发类,大专
综合类,行政类,本科
技术类,开发类,本科
综合类,人力资源类,本科
技术类,技术支持,本科
客服类,电话服务,本科
技术类,开发类,本科
运营类,其它,本科
技术类,架构类,本科
产品类,无线PD,本科
技术类,开发类,本科
技术类,搜索与算法,本科
产品类,网站运营PD,本科
产品类,技术PD,硕士
运营类,网站运营,本科
运营类,网站运营,本科
技术类,技术支持,本科
技术类,测试开发类,本科
运营类,网站运营,大专
运营类,网站运营,本科
运营类,网站运营,本科
技术类,开发类,本科
综合类,综合管理,大专
技术类,开发类,本科
运营类,商家运营,本科
技术类,其它,本科
技术类,开发类,其它
产品类,网站运营PD,大专
运营类,网站运营,大专
运营类,网站运营,大专
市场拓展,拓展类,本科
技术类,其它,本科
运营类,网站运营,本科
运营类,无线运营,本科
产品类,无线PD,本科
技术类,搜索与算法,本科
技术类,搜索与算法,本科
综合类,人力资源类,本科
技术类,开发类,本科
技术类,其它,本科
数据类,其它,本科
技术类,开发类,本科
技术类,架构类,本科
技术类,搜索与算法,本科
综合类,其它,本科
技术类,技术支持,本科
技术类,前端开发类,本科
技术类,测试类,本科
综合类,其它,本科
综合类,公关类,本科
运营类,商家运营,本科
技术类,其它,本科
技术类,开发类,本科
运营类,物流运营,本科
技术类,测试类,本科
运营类,无线运营,本科
技术类,其它,本科
产品类,无线PD,本科
综合类,工程类,本科
数据类,数据分析,本科
数据类,数据开发,本科
综合类,工程类,本科
运营类,其它,本科
运营类,运营支持,本科
运营类,网站运营,本科
运营类,网站运营,本科
综合类,投资类,本科
综合类,其它,本科
技术类,开发类,本科
技术类,测试类,本科
技术类,开发类,本科
技术类,测试开发类,本科
技术类,搜索与算法,硕士
技术类,搜索与算法,本科
数据类,数据开发,本科
技术类,测试开发类,本科
综合类,人力资源类,本科
运营类,无线运营,本科
销售类,销售类,大专
客服类,服务支持,本科
技术类,其它,本科
技术类,其它,本科
市场拓展,媒介类,本科
运营类,其它,本科
技术类,测试类,本科
综合类,综合管理,本科
运营类,运营支持,本科
客服类,服务管理,本科
技术类,测试开发类,本科
技术类,其它,本科
运营类,其它,本科
销售类,销售类,本科
产品类,网站运营PD,本科
运营类,物流运营,本科
技术类,搜索与算法,硕士
技术类,其它,本科
运营类,其它,本科
产品类,网站运营PD,本科
综合类,其它,本科
技术类,开发类,本科
技术类,开发类,本科
运营类,网站运营,本科
客服类,产品体验,本科
综合类,工程类,本科
综合类,其它,本科
技术类,其它,本科
运营类,无线运营,本科
技术类,开发类,本科
技术类,开发类,本科
技术类,开发类,本科
技术类,其它,本科
运营类,其它,本科
设计类,视觉,本科
产品类,其余业务PD,本科
技术类,搜索与算法,本科
产品类,网站运营PD,本科
运营类,商家运营,本科
设计类,交互,本科
综合类,人力资源类,本科
金融类,风控类,本科
金融类,风控类,本科
综合类,其它,本科
技术类,其它,本科
技术类,开发类,本科
数据类,数据开发,本科
技术类,开发类,本科
技术类,开发类,本科
运营类,其它,本科
技术类,前端开发类,本科
技术类,测试开发类,本科
技术类,前端开发类,本科
运营类,网站运营,大专
技术类,开发类,硕士
技术类,其它,本科
综合类,财务类,本科
客服类,电话服务,本科
运营类,网站运营,大专
综合类,法务类,本科
技术类,架构类,本科
技术类,测试类,本科
销售类,销售类,本科
销售类,销售类,本科
销售类,销售类,本科
销售类,销售类,本科
销售类,销售类,本科
销售类,销售类,本科
销售类,销售类,本科
销售类,销售类,本科
销售类,销售类,本科
销售类,销售类,本科
销售类,销售类,本科
销售类,销售类,本科
销售类,销售类,本科
销售类,销售类,本科
技术类,开发类,本科
销售类,销售类,本科
销售类,销售类,本科
销售类,销售类,本科
销售类,销售类,本科
销售类,销售类,本科
销售类,销售类,本科
销售类,销售类,本科
销售类,销售类,本科
销售类,销售类,本科
销售类,销售类,本科
销售类,销售类,本科
销售类,销售类,本科
销售类,销售类,本科
销售类,其它,本科
销售类,其它,本科
销售类,销售类,本科
运营类,运营支持,本科
技术类,开发类,本科
技术类,开发类,本科
技术类,开发类,本科
产品类,网站运营PD,本科
产品类,网站运营PD,本科
技术类,开发类,本科
销售类,销售类,本科
销售类,销售类,本科
销售类,销售类,本科
技术类,开发类,本科
技术类,开发类,本科
技术类,开发类,本科
技术类,开发类,本科
设计类,视觉,本科
销售类,销售类,本科
销售类,销售类,本科
销售类,销售类,大专
销售类,销售类,大专
销售类,销售类,大专
销售类,销售类,大专
销售类,销售类,大专
销售类,销售类,大专
技术类,其它,本科
技术类,开发类,其它
技术类,其它,本科
销售类,销售类,本科
技术类,开发类,本科
运营类,会员运营,本科
技术类,开发类,本科
技术类,架构类,本科
销售类,销售类,大专
综合类,采购类,本科
运营类,无线运营,本科
技术类,测试开发类,本科
销售类,销售类,本科
技术类,开发类,本科
运营类,其它,本科
技术类,测试开发类,本科
技术类,测试开发类,本科
技术类,开发类,本科
技术类,测试开发类,本科
技术类,测试开发类,本科
销售类,销售类,本科
销售类,销售类,本科
销售类,销售类,本科
销售类,销售类,本科
综合类,行政类,本科
综合类,置业类,本科
市场拓展,媒介类,本科
综合类,法务类,本科
综合类,行政类,本科
综合类,法务类,本科
技术类,开发类,本科
销售类,销售类,本科
销售类,销售类,本科
技术类,开发类,本科
技术类,开发类,本科
技术类,其它,本科
客服类,电话服务,大专
技术类,开发类,本科
技术类,测试开发类,其它
技术类,架构类,本科
技术类,搜索与算法,本科
技术类,开发类,本科
运营类,其它,本科
销售类,销售类,本科
销售类,销售类,本科
销售类,销售类,本科
销售类,销售类,本科
销售类,销售类,本科
销售类,销售类,本科
销售类,销售类,本科
销售类,销售类,本科
技术类,搜索与算法,硕士
综合类,公关类,本科
技术类,架构类,本科
运营类,物流运营,本科
设计类,视觉,本科
设计类,交互,本科
设计类,交互,本科
技术类,前端开发类,本科
技术类,架构类,本科
综合类,行政类,本科
技术类,架构类,本科
技术类,架构类,本科
综合类,税务类,大专
产品类,无线PD,本科
综合类,其它,博士
综合类,其它,博士
综合类,财务类,本科
运营类,商家运营,本科
运营类,网站运营,本科
综合类,其它,博士
技术类,开发类,本科
技术类,开发类,本科
综合类,行政类,本科
综合类,税务类,大专
综合类,税务类,大专
技术类,其它,本科
运营类,商家运营,本科
运营类,管理与规则,本科
综合类,财务类,本科
运营类,其它,本科
运营类,管理与规则,本科
综合类,工程类,本科
技术类,其它,本科
技术类,开发类,本科
综合类,人力资源类,本科
技术类,架构类,本科
技术类,搜索与算法,硕士
技术类,开发类,本科
技术类,开发类,本科
技术类,开发类,本科
客服类,在线服务,大专
客服类,电话服务,大专
